image_id,full_detect_labels_response,label_num,label_str,label_conf,label_orient_correct
ex_1.jpg,"{'ResponseMetadata': {'RequestId': '1f1abc3e-9927-11e8-bda1-57a9df841f65', 'HTTPStatusCode': 200, 'HTTPHeaders': {'content-type': 'application/x-amz-json-1.1', 'date': 'Mon, 06 Aug 2018 03:16:34 GMT', 'content-length': '539', 'connection': 'keep-alive', 'x-amzn-requestid': '1f1abc3e-9927-11e8-bda1-57a9df841f65'}, 'RetryAttempts': 0}, 'Labels': [{'Name': 'Coffee Cup', 'Confidence': 98.23609924316406}, {'Name': 'Cup', 'Confidence': 98.23609924316406}, {'Name': 'Road', 'Confidence': 60.62405014038086}, {'Name': 'Freeway', 'Confidence': 52.599571228027344}, {'Name': 'Highway', 'Confidence': 52.599571228027344}, {'Name': 'Building', 'Confidence': 50.51565933227539}, {'Name': 'City', 'Confidence': 50.51565933227539}, {'Name': 'Downtown', 'Confidence': 50.51565933227539}, {'Name': 'Town', 'Confidence': 50.51565933227539}, {'Name': 'Urban', 'Confidence': 50.51565933227539}], 'OrientationCorrection': 'ROTATE_0'}",1,Coffee Cup,98.23609924316406,ROTATE_0
ex_1.jpg,"{'ResponseMetadata': {'RequestId': '1f1abc3e-9927-11e8-bda1-57a9df841f65', 'HTTPStatusCode': 200, 'HTTPHeaders': {'content-type': 'application/x-amz-json-1.1', 'date': 'Mon, 06 Aug 2018 03:16:34 GMT', 'content-length': '539', 'connection': 'keep-alive', 'x-amzn-requestid': '1f1abc3e-9927-11e8-bda1-57a9df841f65'}, 'RetryAttempts': 0}, 'Labels': [{'Name': 'Coffee Cup', 'Confidence': 98.23609924316406}, {'Name': 'Cup', 'Confidence': 98.23609924316406}, {'Name': 'Road', 'Confidence': 60.62405014038086}, {'Name': 'Freeway', 'Confidence': 52.599571228027344}, {'Name': 'Highway', 'Confidence': 52.599571228027344}, {'Name': 'Building', 'Confidence': 50.51565933227539}, {'Name': 'City', 'Confidence': 50.51565933227539}, {'Name': 'Downtown', 'Confidence': 50.51565933227539}, {'Name': 'Town', 'Confidence': 50.51565933227539}, {'Name': 'Urban', 'Confidence': 50.51565933227539}], 'OrientationCorrection': 'ROTATE_0'}",2,Cup,98.23609924316406,ROTATE_0
ex_1.jpg,"{'ResponseMetadata': {'RequestId': '1f1abc3e-9927-11e8-bda1-57a9df841f65', 'HTTPStatusCode': 200, 'HTTPHeaders': {'content-type': 'application/x-amz-json-1.1', 'date': 'Mon, 06 Aug 2018 03:16:34 GMT', 'content-length': '539', 'connection': 'keep-alive', 'x-amzn-requestid': '1f1abc3e-9927-11e8-bda1-57a9df841f65'}, 'RetryAttempts': 0}, 'Labels': [{'Name': 'Coffee Cup', 'Confidence': 98.23609924316406}, {'Name': 'Cup', 'Confidence': 98.23609924316406}, {'Name': 'Road', 'Confidence': 60.62405014038086}, {'Name': 'Freeway', 'Confidence': 52.599571228027344}, {'Name': 'Highway', 'Confidence': 52.599571228027344}, {'Name': 'Building', 'Confidence': 50.51565933227539}, {'Name': 'City', 'Confidence': 50.51565933227539}, {'Name': 'Downtown', 'Confidence': 50.51565933227539}, {'Name': 'Town', 'Confidence': 50.51565933227539}, {'Name': 'Urban', 'Confidence': 50.51565933227539}], 'OrientationCorrection': 'ROTATE_0'}",3,Road,60.62405014038086,ROTATE_0
ex_1.jpg,"{'ResponseMetadata': {'RequestId': '1f1abc3e-9927-11e8-bda1-57a9df841f65', 'HTTPStatusCode': 200, 'HTTPHeaders': {'content-type': 'application/x-amz-json-1.1', 'date': 'Mon, 06 Aug 2018 03:16:34 GMT', 'content-length': '539', 'connection': 'keep-alive', 'x-amzn-requestid': '1f1abc3e-9927-11e8-bda1-57a9df841f65'}, 'RetryAttempts': 0}, 'Labels': [{'Name': 'Coffee Cup', 'Confidence': 98.23609924316406}, {'Name': 'Cup', 'Confidence': 98.23609924316406}, {'Name': 'Road', 'Confidence': 60.62405014038086}, {'Name': 'Freeway', 'Confidence': 52.599571228027344}, {'Name': 'Highway', 'Confidence': 52.599571228027344}, {'Name': 'Building', 'Confidence': 50.51565933227539}, {'Name': 'City', 'Confidence': 50.51565933227539}, {'Name': 'Downtown', 'Confidence': 50.51565933227539}, {'Name': 'Town', 'Confidence': 50.51565933227539}, {'Name': 'Urban', 'Confidence': 50.51565933227539}], 'OrientationCorrection': 'ROTATE_0'}",4,Freeway,52.599571228027344,ROTATE_0
ex_1.jpg,"{'ResponseMetadata': {'RequestId': '1f1abc3e-9927-11e8-bda1-57a9df841f65', 'HTTPStatusCode': 200, 'HTTPHeaders': {'content-type': 'application/x-amz-json-1.1', 'date': 'Mon, 06 Aug 2018 03:16:34 GMT', 'content-length': '539', 'connection': 'keep-alive', 'x-amzn-requestid': '1f1abc3e-9927-11e8-bda1-57a9df841f65'}, 'RetryAttempts': 0}, 'Labels': [{'Name': 'Coffee Cup', 'Confidence': 98.23609924316406}, {'Name': 'Cup', 'Confidence': 98.23609924316406}, {'Name': 'Road', 'Confidence': 60.62405014038086}, {'Name': 'Freeway', 'Confidence': 52.599571228027344}, {'Name': 'Highway', 'Confidence': 52.599571228027344}, {'Name': 'Building', 'Confidence': 50.51565933227539}, {'Name': 'City', 'Confidence': 50.51565933227539}, {'Name': 'Downtown', 'Confidence': 50.51565933227539}, {'Name': 'Town', 'Confidence': 50.51565933227539}, {'Name': 'Urban', 'Confidence': 50.51565933227539}], 'OrientationCorrection': 'ROTATE_0'}",5,Highway,52.599571228027344,ROTATE_0
ex_1.jpg,"{'ResponseMetadata': {'RequestId': '1f1abc3e-9927-11e8-bda1-57a9df841f65', 'HTTPStatusCode': 200, 'HTTPHeaders': {'content-type': 'application/x-amz-json-1.1', 'date': 'Mon, 06 Aug 2018 03:16:34 GMT', 'content-length': '539', 'connection': 'keep-alive', 'x-amzn-requestid': '1f1abc3e-9927-11e8-bda1-57a9df841f65'}, 'RetryAttempts': 0}, 'Labels': [{'Name': 'Coffee Cup', 'Confidence': 98.23609924316406}, {'Name': 'Cup', 'Confidence': 98.23609924316406}, {'Name': 'Road', 'Confidence': 60.62405014038086}, {'Name': 'Freeway', 'Confidence': 52.599571228027344}, {'Name': 'Highway', 'Confidence': 52.599571228027344}, {'Name': 'Building', 'Confidence': 50.51565933227539}, {'Name': 'City', 'Confidence': 50.51565933227539}, {'Name': 'Downtown', 'Confidence': 50.51565933227539}, {'Name': 'Town', 'Confidence': 50.51565933227539}, {'Name': 'Urban', 'Confidence': 50.51565933227539}], 'OrientationCorrection': 'ROTATE_0'}",6,Building,50.51565933227539,ROTATE_0
ex_1.jpg,"{'ResponseMetadata': {'RequestId': '1f1abc3e-9927-11e8-bda1-57a9df841f65', 'HTTPStatusCode': 200, 'HTTPHeaders': {'content-type': 'application/x-amz-json-1.1', 'date': 'Mon, 06 Aug 2018 03:16:34 GMT', 'content-length': '539', 'connection': 'keep-alive', 'x-amzn-requestid': '1f1abc3e-9927-11e8-bda1-57a9df841f65'}, 'RetryAttempts': 0}, 'Labels': [{'Name': 'Coffee Cup', 'Confidence': 98.23609924316406}, {'Name': 'Cup', 'Confidence': 98.23609924316406}, {'Name': 'Road', 'Confidence': 60.62405014038086}, {'Name': 'Freeway', 'Confidence': 52.599571228027344}, {'Name': 'Highway', 'Confidence': 52.599571228027344}, {'Name': 'Building', 'Confidence': 50.51565933227539}, {'Name': 'City', 'Confidence': 50.51565933227539}, {'Name': 'Downtown', 'Confidence': 50.51565933227539}, {'Name': 'Town', 'Confidence': 50.51565933227539}, {'Name': 'Urban', 'Confidence': 50.51565933227539}], 'OrientationCorrection': 'ROTATE_0'}",7,City,50.51565933227539,ROTATE_0
ex_1.jpg,"{'ResponseMetadata': {'RequestId': '1f1abc3e-9927-11e8-bda1-57a9df841f65', 'HTTPStatusCode': 200, 'HTTPHeaders': {'content-type': 'application/x-amz-json-1.1', 'date': 'Mon, 06 Aug 2018 03:16:34 GMT', 'content-length': '539', 'connection': 'keep-alive', 'x-amzn-requestid': '1f1abc3e-9927-11e8-bda1-57a9df841f65'}, 'RetryAttempts': 0}, 'Labels': [{'Name': 'Coffee Cup', 'Confidence': 98.23609924316406}, {'Name': 'Cup', 'Confidence': 98.23609924316406}, {'Name': 'Road', 'Confidence': 60.62405014038086}, {'Name': 'Freeway', 'Confidence': 52.599571228027344}, {'Name': 'Highway', 'Confidence': 52.599571228027344}, {'Name': 'Building', 'Confidence': 50.51565933227539}, {'Name': 'City', 'Confidence': 50.51565933227539}, {'Name': 'Downtown', 'Confidence': 50.51565933227539}, {'Name': 'Town', 'Confidence': 50.51565933227539}, {'Name': 'Urban', 'Confidence': 50.51565933227539}], 'OrientationCorrection': 'ROTATE_0'}",8,Downtown,50.51565933227539,ROTATE_0
ex_1.jpg,"{'ResponseMetadata': {'RequestId': '1f1abc3e-9927-11e8-bda1-57a9df841f65', 'HTTPStatusCode': 200, 'HTTPHeaders': {'content-type': 'application/x-amz-json-1.1', 'date': 'Mon, 06 Aug 2018 03:16:34 GMT', 'content-length': '539', 'connection': 'keep-alive', 'x-amzn-requestid': '1f1abc3e-9927-11e8-bda1-57a9df841f65'}, 'RetryAttempts': 0}, 'Labels': [{'Name': 'Coffee Cup', 'Confidence': 98.23609924316406}, {'Name': 'Cup', 'Confidence': 98.23609924316406}, {'Name': 'Road', 'Confidence': 60.62405014038086}, {'Name': 'Freeway', 'Confidence': 52.599571228027344}, {'Name': 'Highway', 'Confidence': 52.599571228027344}, {'Name': 'Building', 'Confidence': 50.51565933227539}, {'Name': 'City', 'Confidence': 50.51565933227539}, {'Name': 'Downtown', 'Confidence': 50.51565933227539}, {'Name': 'Town', 'Confidence': 50.51565933227539}, {'Name': 'Urban', 'Confidence': 50.51565933227539}], 'OrientationCorrection': 'ROTATE_0'}",9,Town,50.51565933227539,ROTATE_0
ex_1.jpg,"{'ResponseMetadata': {'RequestId': '1f1abc3e-9927-11e8-bda1-57a9df841f65', 'HTTPStatusCode': 200, 'HTTPHeaders': {'content-type': 'application/x-amz-json-1.1', 'date': 'Mon, 06 Aug 2018 03:16:34 GMT', 'content-length': '539', 'connection': 'keep-alive', 'x-amzn-requestid': '1f1abc3e-9927-11e8-bda1-57a9df841f65'}, 'RetryAttempts': 0}, 'Labels': [{'Name': 'Coffee Cup', 'Confidence': 98.23609924316406}, {'Name': 'Cup', 'Confidence': 98.23609924316406}, {'Name': 'Road', 'Confidence': 60.62405014038086}, {'Name': 'Freeway', 'Confidence': 52.599571228027344}, {'Name': 'Highway', 'Confidence': 52.599571228027344}, {'Name': 'Building', 'Confidence': 50.51565933227539}, {'Name': 'City', 'Confidence': 50.51565933227539}, {'Name': 'Downtown', 'Confidence': 50.51565933227539}, {'Name': 'Town', 'Confidence': 50.51565933227539}, {'Name': 'Urban', 'Confidence': 50.51565933227539}], 'OrientationCorrection': 'ROTATE_0'}",10,Urban,50.51565933227539,ROTATE_0
ex_2.jpg,"{'ResponseMetadata': {'RequestId': '1fbe00d0-9927-11e8-a19a-d5565f2788d4', 'HTTPStatusCode': 200, 'HTTPHeaders': {'content-type': 'application/x-amz-json-1.1', 'date': 'Mon, 06 Aug 2018 03:16:35 GMT', 'content-length': '935', 'connection': 'keep-alive', 'x-amzn-requestid': '1fbe00d0-9927-11e8-a19a-d5565f2788d4'}, 'RetryAttempts': 0}, 'Labels': [{'Name': 'Human', 'Confidence': 99.13925170898438}, {'Name': 'People', 'Confidence': 99.13923645019531}, {'Name': 'Person', 'Confidence': 99.13925170898438}, {'Name': 'Bar Counter', 'Confidence': 98.43018341064453}, {'Name': 'Pub', 'Confidence': 98.43018341064453}, {'Name': 'Diner', 'Confidence': 97.12300109863281}, {'Name': 'Food', 'Confidence': 97.12300109863281}, {'Name': 'Meal', 'Confidence': 97.12300109863281}, {'Name': 'Restaurant', 'Confidence': 97.12300109863281}, {'Name': 'Worker', 'Confidence': 83.39073181152344}, {'Name': 'Animal', 'Confidence': 76.40896606445312}, {'Name': 'Aquarium', 'Confidence': 76.40896606445312}, {'Name': 'Sea Life', 'Confidence': 76.40896606445312}, {'Name': 'Water', 'Confidence': 76.40896606445312}, {'Name': 'Lighting', 'Confidence': 51.80131149291992}, {'Name': 'Cafe', 'Confidence': 50.84360885620117}, {'Name': 'Apparel', 'Confidence': 50.51062774658203}, {'Name': 'Clothing', 'Confidence': 50.51062774658203}], 'OrientationCorrection': 'ROTATE_0'}",1,Human,99.13925170898438,ROTATE_0
ex_2.jpg,"{'ResponseMetadata': {'RequestId': '1fbe00d0-9927-11e8-a19a-d5565f2788d4', 'HTTPStatusCode': 200, 'HTTPHeaders': {'content-type': 'application/x-amz-json-1.1', 'date': 'Mon, 06 Aug 2018 03:16:35 GMT', 'content-length': '935', 'connection': 'keep-alive', 'x-amzn-requestid': '1fbe00d0-9927-11e8-a19a-d5565f2788d4'}, 'RetryAttempts': 0}, 'Labels': [{'Name': 'Human', 'Confidence': 99.13925170898438}, {'Name': 'People', 'Confidence': 99.13923645019531}, {'Name': 'Person', 'Confidence': 99.13925170898438}, {'Name': 'Bar Counter', 'Confidence': 98.43018341064453}, {'Name': 'Pub', 'Confidence': 98.43018341064453}, {'Name': 'Diner', 'Confidence': 97.12300109863281}, {'Name': 'Food', 'Confidence': 97.12300109863281}, {'Name': 'Meal', 'Confidence': 97.12300109863281}, {'Name': 'Restaurant', 'Confidence': 97.12300109863281}, {'Name': 'Worker', 'Confidence': 83.39073181152344}, {'Name': 'Animal', 'Confidence': 76.40896606445312}, {'Name': 'Aquarium', 'Confidence': 76.40896606445312}, {'Name': 'Sea Life', 'Confidence': 76.40896606445312}, {'Name': 'Water', 'Confidence': 76.40896606445312}, {'Name': 'Lighting', 'Confidence': 51.80131149291992}, {'Name': 'Cafe', 'Confidence': 50.84360885620117}, {'Name': 'Apparel', 'Confidence': 50.51062774658203}, {'Name': 'Clothing', 'Confidence': 50.51062774658203}], 'OrientationCorrection': 'ROTATE_0'}",2,People,99.13923645019531,ROTATE_0
ex_2.jpg,"{'ResponseMetadata': {'RequestId': '1fbe00d0-9927-11e8-a19a-d5565f2788d4', 'HTTPStatusCode': 200, 'HTTPHeaders': {'content-type': 'application/x-amz-json-1.1', 'date': 'Mon, 06 Aug 2018 03:16:35 GMT', 'content-length': '935', 'connection': 'keep-alive', 'x-amzn-requestid': '1fbe00d0-9927-11e8-a19a-d5565f2788d4'}, 'RetryAttempts': 0}, 'Labels': [{'Name': 'Human', 'Confidence': 99.13925170898438}, {'Name': 'People', 'Confidence': 99.13923645019531}, {'Name': 'Person', 'Confidence': 99.13925170898438}, {'Name': 'Bar Counter', 'Confidence': 98.43018341064453}, {'Name': 'Pub', 'Confidence': 98.43018341064453}, {'Name': 'Diner', 'Confidence': 97.12300109863281}, {'Name': 'Food', 'Confidence': 97.12300109863281}, {'Name': 'Meal', 'Confidence': 97.12300109863281}, {'Name': 'Restaurant', 'Confidence': 97.12300109863281}, {'Name': 'Worker', 'Confidence': 83.39073181152344}, {'Name': 'Animal', 'Confidence': 76.40896606445312}, {'Name': 'Aquarium', 'Confidence': 76.40896606445312}, {'Name': 'Sea Life', 'Confidence': 76.40896606445312}, {'Name': 'Water', 'Confidence': 76.40896606445312}, {'Name': 'Lighting', 'Confidence': 51.80131149291992}, {'Name': 'Cafe', 'Confidence': 50.84360885620117}, {'Name': 'Apparel', 'Confidence': 50.51062774658203}, {'Name': 'Clothing', 'Confidence': 50.51062774658203}], 'OrientationCorrection': 'ROTATE_0'}",3,Person,99.13925170898438,ROTATE_0
ex_2.jpg,"{'ResponseMetadata': {'RequestId': '1fbe00d0-9927-11e8-a19a-d5565f2788d4', 'HTTPStatusCode': 200, 'HTTPHeaders': {'content-type': 'application/x-amz-json-1.1', 'date': 'Mon, 06 Aug 2018 03:16:35 GMT', 'content-length': '935', 'connection': 'keep-alive', 'x-amzn-requestid': '1fbe00d0-9927-11e8-a19a-d5565f2788d4'}, 'RetryAttempts': 0}, 'Labels': [{'Name': 'Human', 'Confidence': 99.13925170898438}, {'Name': 'People', 'Confidence': 99.13923645019531}, {'Name': 'Person', 'Confidence': 99.13925170898438}, {'Name': 'Bar Counter', 'Confidence': 98.43018341064453}, {'Name': 'Pub', 'Confidence': 98.43018341064453}, {'Name': 'Diner', 'Confidence': 97.12300109863281}, {'Name': 'Food', 'Confidence': 97.12300109863281}, {'Name': 'Meal', 'Confidence': 97.12300109863281}, {'Name': 'Restaurant', 'Confidence': 97.12300109863281}, {'Name': 'Worker', 'Confidence': 83.39073181152344}, {'Name': 'Animal', 'Confidence': 76.40896606445312}, {'Name': 'Aquarium', 'Confidence': 76.40896606445312}, {'Name': 'Sea Life', 'Confidence': 76.40896606445312}, {'Name': 'Water', 'Confidence': 76.40896606445312}, {'Name': 'Lighting', 'Confidence': 51.80131149291992}, {'Name': 'Cafe', 'Confidence': 50.84360885620117}, {'Name': 'Apparel', 'Confidence': 50.51062774658203}, {'Name': 'Clothing', 'Confidence': 50.51062774658203}], 'OrientationCorrection': 'ROTATE_0'}",4,Bar Counter,98.43018341064453,ROTATE_0
ex_2.jpg,"{'ResponseMetadata': {'RequestId': '1fbe00d0-9927-11e8-a19a-d5565f2788d4', 'HTTPStatusCode': 200, 'HTTPHeaders': {'content-type': 'application/x-amz-json-1.1', 'date': 'Mon, 06 Aug 2018 03:16:35 GMT', 'content-length': '935', 'connection': 'keep-alive', 'x-amzn-requestid': '1fbe00d0-9927-11e8-a19a-d5565f2788d4'}, 'RetryAttempts': 0}, 'Labels': [{'Name': 'Human', 'Confidence': 99.13925170898438}, {'Name': 'People', 'Confidence': 99.13923645019531}, {'Name': 'Person', 'Confidence': 99.13925170898438}, {'Name': 'Bar Counter', 'Confidence': 98.43018341064453}, {'Name': 'Pub', 'Confidence': 98.43018341064453}, {'Name': 'Diner', 'Confidence': 97.12300109863281}, {'Name': 'Food', 'Confidence': 97.12300109863281}, {'Name': 'Meal', 'Confidence': 97.12300109863281}, {'Name': 'Restaurant', 'Confidence': 97.12300109863281}, {'Name': 'Worker', 'Confidence': 83.39073181152344}, {'Name': 'Animal', 'Confidence': 76.40896606445312}, {'Name': 'Aquarium', 'Confidence': 76.40896606445312}, {'Name': 'Sea Life', 'Confidence': 76.40896606445312}, {'Name': 'Water', 'Confidence': 76.40896606445312}, {'Name': 'Lighting', 'Confidence': 51.80131149291992}, {'Name': 'Cafe', 'Confidence': 50.84360885620117}, {'Name': 'Apparel', 'Confidence': 50.51062774658203}, {'Name': 'Clothing', 'Confidence': 50.51062774658203}], 'OrientationCorrection': 'ROTATE_0'}",5,Pub,98.43018341064453,ROTATE_0
ex_2.jpg,"{'ResponseMetadata': {'RequestId': '1fbe00d0-9927-11e8-a19a-d5565f2788d4', 'HTTPStatusCode': 200, 'HTTPHeaders': {'content-type': 'application/x-amz-json-1.1', 'date': 'Mon, 06 Aug 2018 03:16:35 GMT', 'content-length': '935', 'connection': 'keep-alive', 'x-amzn-requestid': '1fbe00d0-9927-11e8-a19a-d5565f2788d4'}, 'RetryAttempts': 0}, 'Labels': [{'Name': 'Human', 'Confidence': 99.13925170898438}, {'Name': 'People', 'Confidence': 99.13923645019531}, {'Name': 'Person', 'Confidence': 99.13925170898438}, {'Name': 'Bar Counter', 'Confidence': 98.43018341064453}, {'Name': 'Pub', 'Confidence': 98.43018341064453}, {'Name': 'Diner', 'Confidence': 97.12300109863281}, {'Name': 'Food', 'Confidence': 97.12300109863281}, {'Name': 'Meal', 'Confidence': 97.12300109863281}, {'Name': 'Restaurant', 'Confidence': 97.12300109863281}, {'Name': 'Worker', 'Confidence': 83.39073181152344}, {'Name': 'Animal', 'Confidence': 76.40896606445312}, {'Name': 'Aquarium', 'Confidence': 76.40896606445312}, {'Name': 'Sea Life', 'Confidence': 76.40896606445312}, {'Name': 'Water', 'Confidence': 76.40896606445312}, {'Name': 'Lighting', 'Confidence': 51.80131149291992}, {'Name': 'Cafe', 'Confidence': 50.84360885620117}, {'Name': 'Apparel', 'Confidence': 50.51062774658203}, {'Name': 'Clothing', 'Confidence': 50.51062774658203}], 'OrientationCorrection': 'ROTATE_0'}",6,Diner,97.12300109863281,ROTATE_0
ex_2.jpg,"{'ResponseMetadata': {'RequestId': '1fbe00d0-9927-11e8-a19a-d5565f2788d4', 'HTTPStatusCode': 200, 'HTTPHeaders': {'content-type': 'application/x-amz-json-1.1', 'date': 'Mon, 06 Aug 2018 03:16:35 GMT', 'content-length': '935', 'connection': 'keep-alive', 'x-amzn-requestid': '1fbe00d0-9927-11e8-a19a-d5565f2788d4'}, 'RetryAttempts': 0}, 'Labels': [{'Name': 'Human', 'Confidence': 99.13925170898438}, {'Name': 'People', 'Confidence': 99.13923645019531}, {'Name': 'Person', 'Confidence': 99.13925170898438}, {'Name': 'Bar Counter', 'Confidence': 98.43018341064453}, {'Name': 'Pub', 'Confidence': 98.43018341064453}, {'Name': 'Diner', 'Confidence': 97.12300109863281}, {'Name': 'Food', 'Confidence': 97.12300109863281}, {'Name': 'Meal', 'Confidence': 97.12300109863281}, {'Name': 'Restaurant', 'Confidence': 97.12300109863281}, {'Name': 'Worker', 'Confidence': 83.39073181152344}, {'Name': 'Animal', 'Confidence': 76.40896606445312}, {'Name': 'Aquarium', 'Confidence': 76.40896606445312}, {'Name': 'Sea Life', 'Confidence': 76.40896606445312}, {'Name': 'Water', 'Confidence': 76.40896606445312}, {'Name': 'Lighting', 'Confidence': 51.80131149291992}, {'Name': 'Cafe', 'Confidence': 50.84360885620117}, {'Name': 'Apparel', 'Confidence': 50.51062774658203}, {'Name': 'Clothing', 'Confidence': 50.51062774658203}], 'OrientationCorrection': 'ROTATE_0'}",7,Food,97.12300109863281,ROTATE_0
ex_2.jpg,"{'ResponseMetadata': {'RequestId': '1fbe00d0-9927-11e8-a19a-d5565f2788d4', 'HTTPStatusCode': 200, 'HTTPHeaders': {'content-type': 'application/x-amz-json-1.1', 'date': 'Mon, 06 Aug 2018 03:16:35 GMT', 'content-length': '935', 'connection': 'keep-alive', 'x-amzn-requestid': '1fbe00d0-9927-11e8-a19a-d5565f2788d4'}, 'RetryAttempts': 0}, 'Labels': [{'Name': 'Human', 'Confidence': 99.13925170898438}, {'Name': 'People', 'Confidence': 99.13923645019531}, {'Name': 'Person', 'Confidence': 99.13925170898438}, {'Name': 'Bar Counter', 'Confidence': 98.43018341064453}, {'Name': 'Pub', 'Confidence': 98.43018341064453}, {'Name': 'Diner', 'Confidence': 97.12300109863281}, {'Name': 'Food', 'Confidence': 97.12300109863281}, {'Name': 'Meal', 'Confidence': 97.12300109863281}, {'Name': 'Restaurant', 'Confidence': 97.12300109863281}, {'Name': 'Worker', 'Confidence': 83.39073181152344}, {'Name': 'Animal', 'Confidence': 76.40896606445312}, {'Name': 'Aquarium', 'Confidence': 76.40896606445312}, {'Name': 'Sea Life', 'Confidence': 76.40896606445312}, {'Name': 'Water', 'Confidence': 76.40896606445312}, {'Name': 'Lighting', 'Confidence': 51.80131149291992}, {'Name': 'Cafe', 'Confidence': 50.84360885620117}, {'Name': 'Apparel', 'Confidence': 50.51062774658203}, {'Name': 'Clothing', 'Confidence': 50.51062774658203}], 'OrientationCorrection': 'ROTATE_0'}",8,Meal,97.12300109863281,ROTATE_0
ex_2.jpg,"{'ResponseMetadata': {'RequestId': '1fbe00d0-9927-11e8-a19a-d5565f2788d4', 'HTTPStatusCode': 200, 'HTTPHeaders': {'content-type': 'application/x-amz-json-1.1', 'date': 'Mon, 06 Aug 2018 03:16:35 GMT', 'content-length': '935', 'connection': 'keep-alive', 'x-amzn-requestid': '1fbe00d0-9927-11e8-a19a-d5565f2788d4'}, 'RetryAttempts': 0}, 'Labels': [{'Name': 'Human', 'Confidence': 99.13925170898438}, {'Name': 'People', 'Confidence': 99.13923645019531}, {'Name': 'Person', 'Confidence': 99.13925170898438}, {'Name': 'Bar Counter', 'Confidence': 98.43018341064453}, {'Name': 'Pub', 'Confidence': 98.43018341064453}, {'Name': 'Diner', 'Confidence': 97.12300109863281}, {'Name': 'Food', 'Confidence': 97.12300109863281}, {'Name': 'Meal', 'Confidence': 97.12300109863281}, {'Name': 'Restaurant', 'Confidence': 97.12300109863281}, {'Name': 'Worker', 'Confidence': 83.39073181152344}, {'Name': 'Animal', 'Confidence': 76.40896606445312}, {'Name': 'Aquarium', 'Confidence': 76.40896606445312}, {'Name': 'Sea Life', 'Confidence': 76.40896606445312}, {'Name': 'Water', 'Confidence': 76.40896606445312}, {'Name': 'Lighting', 'Confidence': 51.80131149291992}, {'Name': 'Cafe', 'Confidence': 50.84360885620117}, {'Name': 'Apparel', 'Confidence': 50.51062774658203}, {'Name': 'Clothing', 'Confidence': 50.51062774658203}], 'OrientationCorrection': 'ROTATE_0'}",9,Restaurant,97.12300109863281,ROTATE_0
ex_2.jpg,"{'ResponseMetadata': {'RequestId': '1fbe00d0-9927-11e8-a19a-d5565f2788d4', 'HTTPStatusCode': 200, 'HTTPHeaders': {'content-type': 'application/x-amz-json-1.1', 'date': 'Mon, 06 Aug 2018 03:16:35 GMT', 'content-length': '935', 'connection': 'keep-alive', 'x-amzn-requestid': '1fbe00d0-9927-11e8-a19a-d5565f2788d4'}, 'RetryAttempts': 0}, 'Labels': [{'Name': 'Human', 'Confidence': 99.13925170898438}, {'Name': 'People', 'Confidence': 99.13923645019531}, {'Name': 'Person', 'Confidence': 99.13925170898438}, {'Name': 'Bar Counter', 'Confidence': 98.43018341064453}, {'Name': 'Pub', 'Confidence': 98.43018341064453}, {'Name': 'Diner', 'Confidence': 97.12300109863281}, {'Name': 'Food', 'Confidence': 97.12300109863281}, {'Name': 'Meal', 'Confidence': 97.12300109863281}, {'Name': 'Restaurant', 'Confidence': 97.12300109863281}, {'Name': 'Worker', 'Confidence': 83.39073181152344}, {'Name': 'Animal', 'Confidence': 76.40896606445312}, {'Name': 'Aquarium', 'Confidence': 76.40896606445312}, {'Name': 'Sea Life', 'Confidence': 76.40896606445312}, {'Name': 'Water', 'Confidence': 76.40896606445312}, {'Name': 'Lighting', 'Confidence': 51.80131149291992}, {'Name': 'Cafe', 'Confidence': 50.84360885620117}, {'Name': 'Apparel', 'Confidence': 50.51062774658203}, {'Name': 'Clothing', 'Confidence': 50.51062774658203}], 'OrientationCorrection': 'ROTATE_0'}",10,Worker,83.39073181152344,ROTATE_0
ex_2.jpg,"{'ResponseMetadata': {'RequestId': '1fbe00d0-9927-11e8-a19a-d5565f2788d4', 'HTTPStatusCode': 200, 'HTTPHeaders': {'content-type': 'application/x-amz-json-1.1', 'date': 'Mon, 06 Aug 2018 03:16:35 GMT', 'content-length': '935', 'connection': 'keep-alive', 'x-amzn-requestid': '1fbe00d0-9927-11e8-a19a-d5565f2788d4'}, 'RetryAttempts': 0}, 'Labels': [{'Name': 'Human', 'Confidence': 99.13925170898438}, {'Name': 'People', 'Confidence': 99.13923645019531}, {'Name': 'Person', 'Confidence': 99.13925170898438}, {'Name': 'Bar Counter', 'Confidence': 98.43018341064453}, {'Name': 'Pub', 'Confidence': 98.43018341064453}, {'Name': 'Diner', 'Confidence': 97.12300109863281}, {'Name': 'Food', 'Confidence': 97.12300109863281}, {'Name': 'Meal', 'Confidence': 97.12300109863281}, {'Name': 'Restaurant', 'Confidence': 97.12300109863281}, {'Name': 'Worker', 'Confidence': 83.39073181152344}, {'Name': 'Animal', 'Confidence': 76.40896606445312}, {'Name': 'Aquarium', 'Confidence': 76.40896606445312}, {'Name': 'Sea Life', 'Confidence': 76.40896606445312}, {'Name': 'Water', 'Confidence': 76.40896606445312}, {'Name': 'Lighting', 'Confidence': 51.80131149291992}, {'Name': 'Cafe', 'Confidence': 50.84360885620117}, {'Name': 'Apparel', 'Confidence': 50.51062774658203}, {'Name': 'Clothing', 'Confidence': 50.51062774658203}], 'OrientationCorrection': 'ROTATE_0'}",11,Animal,76.40896606445312,ROTATE_0
ex_2.jpg,"{'ResponseMetadata': {'RequestId': '1fbe00d0-9927-11e8-a19a-d5565f2788d4', 'HTTPStatusCode': 200, 'HTTPHeaders': {'content-type': 'application/x-amz-json-1.1', 'date': 'Mon, 06 Aug 2018 03:16:35 GMT', 'content-length': '935', 'connection': 'keep-alive', 'x-amzn-requestid': '1fbe00d0-9927-11e8-a19a-d5565f2788d4'}, 'RetryAttempts': 0}, 'Labels': [{'Name': 'Human', 'Confidence': 99.13925170898438}, {'Name': 'People', 'Confidence': 99.13923645019531}, {'Name': 'Person', 'Confidence': 99.13925170898438}, {'Name': 'Bar Counter', 'Confidence': 98.43018341064453}, {'Name': 'Pub', 'Confidence': 98.43018341064453}, {'Name': 'Diner', 'Confidence': 97.12300109863281}, {'Name': 'Food', 'Confidence': 97.12300109863281}, {'Name': 'Meal', 'Confidence': 97.12300109863281}, {'Name': 'Restaurant', 'Confidence': 97.12300109863281}, {'Name': 'Worker', 'Confidence': 83.39073181152344}, {'Name': 'Animal', 'Confidence': 76.40896606445312}, {'Name': 'Aquarium', 'Confidence': 76.40896606445312}, {'Name': 'Sea Life', 'Confidence': 76.40896606445312}, {'Name': 'Water', 'Confidence': 76.40896606445312}, {'Name': 'Lighting', 'Confidence': 51.80131149291992}, {'Name': 'Cafe', 'Confidence': 50.84360885620117}, {'Name': 'Apparel', 'Confidence': 50.51062774658203}, {'Name': 'Clothing', 'Confidence': 50.51062774658203}], 'OrientationCorrection': 'ROTATE_0'}",12,Aquarium,76.40896606445312,ROTATE_0
ex_2.jpg,"{'ResponseMetadata': {'RequestId': '1fbe00d0-9927-11e8-a19a-d5565f2788d4', 'HTTPStatusCode': 200, 'HTTPHeaders': {'content-type': 'application/x-amz-json-1.1', 'date': 'Mon, 06 Aug 2018 03:16:35 GMT', 'content-length': '935', 'connection': 'keep-alive', 'x-amzn-requestid': '1fbe00d0-9927-11e8-a19a-d5565f2788d4'}, 'RetryAttempts': 0}, 'Labels': [{'Name': 'Human', 'Confidence': 99.13925170898438}, {'Name': 'People', 'Confidence': 99.13923645019531}, {'Name': 'Person', 'Confidence': 99.13925170898438}, {'Name': 'Bar Counter', 'Confidence': 98.43018341064453}, {'Name': 'Pub', 'Confidence': 98.43018341064453}, {'Name': 'Diner', 'Confidence': 97.12300109863281}, {'Name': 'Food', 'Confidence': 97.12300109863281}, {'Name': 'Meal', 'Confidence': 97.12300109863281}, {'Name': 'Restaurant', 'Confidence': 97.12300109863281}, {'Name': 'Worker', 'Confidence': 83.39073181152344}, {'Name': 'Animal', 'Confidence': 76.40896606445312}, {'Name': 'Aquarium', 'Confidence': 76.40896606445312}, {'Name': 'Sea Life', 'Confidence': 76.40896606445312}, {'Name': 'Water', 'Confidence': 76.40896606445312}, {'Name': 'Lighting', 'Confidence': 51.80131149291992}, {'Name': 'Cafe', 'Confidence': 50.84360885620117}, {'Name': 'Apparel', 'Confidence': 50.51062774658203}, {'Name': 'Clothing', 'Confidence': 50.51062774658203}], 'OrientationCorrection': 'ROTATE_0'}",13,Sea Life,76.40896606445312,ROTATE_0
ex_2.jpg,"{'ResponseMetadata': {'RequestId': '1fbe00d0-9927-11e8-a19a-d5565f2788d4', 'HTTPStatusCode': 200, 'HTTPHeaders': {'content-type': 'application/x-amz-json-1.1', 'date': 'Mon, 06 Aug 2018 03:16:35 GMT', 'content-length': '935', 'connection': 'keep-alive', 'x-amzn-requestid': '1fbe00d0-9927-11e8-a19a-d5565f2788d4'}, 'RetryAttempts': 0}, 'Labels': [{'Name': 'Human', 'Confidence': 99.13925170898438}, {'Name': 'People', 'Confidence': 99.13923645019531}, {'Name': 'Person', 'Confidence': 99.13925170898438}, {'Name': 'Bar Counter', 'Confidence': 98.43018341064453}, {'Name': 'Pub', 'Confidence': 98.43018341064453}, {'Name': 'Diner', 'Confidence': 97.12300109863281}, {'Name': 'Food', 'Confidence': 97.12300109863281}, {'Name': 'Meal', 'Confidence': 97.12300109863281}, {'Name': 'Restaurant', 'Confidence': 97.12300109863281}, {'Name': 'Worker', 'Confidence': 83.39073181152344}, {'Name': 'Animal', 'Confidence': 76.40896606445312}, {'Name': 'Aquarium', 'Confidence': 76.40896606445312}, {'Name': 'Sea Life', 'Confidence': 76.40896606445312}, {'Name': 'Water', 'Confidence': 76.40896606445312}, {'Name': 'Lighting', 'Confidence': 51.80131149291992}, {'Name': 'Cafe', 'Confidence': 50.84360885620117}, {'Name': 'Apparel', 'Confidence': 50.51062774658203}, {'Name': 'Clothing', 'Confidence': 50.51062774658203}], 'OrientationCorrection': 'ROTATE_0'}",14,Water,76.40896606445312,ROTATE_0
ex_2.jpg,"{'ResponseMetadata': {'RequestId': '1fbe00d0-9927-11e8-a19a-d5565f2788d4', 'HTTPStatusCode': 200, 'HTTPHeaders': {'content-type': 'application/x-amz-json-1.1', 'date': 'Mon, 06 Aug 2018 03:16:35 GMT', 'content-length': '935', 'connection': 'keep-alive', 'x-amzn-requestid': '1fbe00d0-9927-11e8-a19a-d5565f2788d4'}, 'RetryAttempts': 0}, 'Labels': [{'Name': 'Human', 'Confidence': 99.13925170898438}, {'Name': 'People', 'Confidence': 99.13923645019531}, {'Name': 'Person', 'Confidence': 99.13925170898438}, {'Name': 'Bar Counter', 'Confidence': 98.43018341064453}, {'Name': 'Pub', 'Confidence': 98.43018341064453}, {'Name': 'Diner', 'Confidence': 97.12300109863281}, {'Name': 'Food', 'Confidence': 97.12300109863281}, {'Name': 'Meal', 'Confidence': 97.12300109863281}, {'Name': 'Restaurant', 'Confidence': 97.12300109863281}, {'Name': 'Worker', 'Confidence': 83.39073181152344}, {'Name': 'Animal', 'Confidence': 76.40896606445312}, {'Name': 'Aquarium', 'Confidence': 76.40896606445312}, {'Name': 'Sea Life', 'Confidence': 76.40896606445312}, {'Name': 'Water', 'Confidence': 76.40896606445312}, {'Name': 'Lighting', 'Confidence': 51.80131149291992}, {'Name': 'Cafe', 'Confidence': 50.84360885620117}, {'Name': 'Apparel', 'Confidence': 50.51062774658203}, {'Name': 'Clothing', 'Confidence': 50.51062774658203}], 'OrientationCorrection': 'ROTATE_0'}",15,Lighting,51.80131149291992,ROTATE_0
ex_2.jpg,"{'ResponseMetadata': {'RequestId': '1fbe00d0-9927-11e8-a19a-d5565f2788d4', 'HTTPStatusCode': 200, 'HTTPHeaders': {'content-type': 'application/x-amz-json-1.1', 'date': 'Mon, 06 Aug 2018 03:16:35 GMT', 'content-length': '935', 'connection': 'keep-alive', 'x-amzn-requestid': '1fbe00d0-9927-11e8-a19a-d5565f2788d4'}, 'RetryAttempts': 0}, 'Labels': [{'Name': 'Human', 'Confidence': 99.13925170898438}, {'Name': 'People', 'Confidence': 99.13923645019531}, {'Name': 'Person', 'Confidence': 99.13925170898438}, {'Name': 'Bar Counter', 'Confidence': 98.43018341064453}, {'Name': 'Pub', 'Confidence': 98.43018341064453}, {'Name': 'Diner', 'Confidence': 97.12300109863281}, {'Name': 'Food', 'Confidence': 97.12300109863281}, {'Name': 'Meal', 'Confidence': 97.12300109863281}, {'Name': 'Restaurant', 'Confidence': 97.12300109863281}, {'Name': 'Worker', 'Confidence': 83.39073181152344}, {'Name': 'Animal', 'Confidence': 76.40896606445312}, {'Name': 'Aquarium', 'Confidence': 76.40896606445312}, {'Name': 'Sea Life', 'Confidence': 76.40896606445312}, {'Name': 'Water', 'Confidence': 76.40896606445312}, {'Name': 'Lighting', 'Confidence': 51.80131149291992}, {'Name': 'Cafe', 'Confidence': 50.84360885620117}, {'Name': 'Apparel', 'Confidence': 50.51062774658203}, {'Name': 'Clothing', 'Confidence': 50.51062774658203}], 'OrientationCorrection': 'ROTATE_0'}",16,Cafe,50.84360885620117,ROTATE_0
ex_2.jpg,"{'ResponseMetadata': {'RequestId': '1fbe00d0-9927-11e8-a19a-d5565f2788d4', 'HTTPStatusCode': 200, 'HTTPHeaders': {'content-type': 'application/x-amz-json-1.1', 'date': 'Mon, 06 Aug 2018 03:16:35 GMT', 'content-length': '935', 'connection': 'keep-alive', 'x-amzn-requestid': '1fbe00d0-9927-11e8-a19a-d5565f2788d4'}, 'RetryAttempts': 0}, 'Labels': [{'Name': 'Human', 'Confidence': 99.13925170898438}, {'Name': 'People', 'Confidence': 99.13923645019531}, {'Name': 'Person', 'Confidence': 99.13925170898438}, {'Name': 'Bar Counter', 'Confidence': 98.43018341064453}, {'Name': 'Pub', 'Confidence': 98.43018341064453}, {'Name': 'Diner', 'Confidence': 97.12300109863281}, {'Name': 'Food', 'Confidence': 97.12300109863281}, {'Name': 'Meal', 'Confidence': 97.12300109863281}, {'Name': 'Restaurant', 'Confidence': 97.12300109863281}, {'Name': 'Worker', 'Confidence': 83.39073181152344}, {'Name': 'Animal', 'Confidence': 76.40896606445312}, {'Name': 'Aquarium', 'Confidence': 76.40896606445312}, {'Name': 'Sea Life', 'Confidence': 76.40896606445312}, {'Name': 'Water', 'Confidence': 76.40896606445312}, {'Name': 'Lighting', 'Confidence': 51.80131149291992}, {'Name': 'Cafe', 'Confidence': 50.84360885620117}, {'Name': 'Apparel', 'Confidence': 50.51062774658203}, {'Name': 'Clothing', 'Confidence': 50.51062774658203}], 'OrientationCorrection': 'ROTATE_0'}",17,Apparel,50.51062774658203,ROTATE_0
ex_2.jpg,"{'ResponseMetadata': {'RequestId': '1fbe00d0-9927-11e8-a19a-d5565f2788d4', 'HTTPStatusCode': 200, 'HTTPHeaders': {'content-type': 'application/x-amz-json-1.1', 'date': 'Mon, 06 Aug 2018 03:16:35 GMT', 'content-length': '935', 'connection': 'keep-alive', 'x-amzn-requestid': '1fbe00d0-9927-11e8-a19a-d5565f2788d4'}, 'RetryAttempts': 0}, 'Labels': [{'Name': 'Human', 'Confidence': 99.13925170898438}, {'Name': 'People', 'Confidence': 99.13923645019531}, {'Name': 'Person', 'Confidence': 99.13925170898438}, {'Name': 'Bar Counter', 'Confidence': 98.43018341064453}, {'Name': 'Pub', 'Confidence': 98.43018341064453}, {'Name': 'Diner', 'Confidence': 97.12300109863281}, {'Name': 'Food', 'Confidence': 97.12300109863281}, {'Name': 'Meal', 'Confidence': 97.12300109863281}, {'Name': 'Restaurant', 'Confidence': 97.12300109863281}, {'Name': 'Worker', 'Confidence': 83.39073181152344}, {'Name': 'Animal', 'Confidence': 76.40896606445312}, {'Name': 'Aquarium', 'Confidence': 76.40896606445312}, {'Name': 'Sea Life', 'Confidence': 76.40896606445312}, {'Name': 'Water', 'Confidence': 76.40896606445312}, {'Name': 'Lighting', 'Confidence': 51.80131149291992}, {'Name': 'Cafe', 'Confidence': 50.84360885620117}, {'Name': 'Apparel', 'Confidence': 50.51062774658203}, {'Name': 'Clothing', 'Confidence': 50.51062774658203}], 'OrientationCorrection': 'ROTATE_0'}",18,Clothing,50.51062774658203,ROTATE_0
ex_3.jpg,"{'ResponseMetadata': {'RequestId': '2067fc92-9927-11e8-87b2-9d4d8033cd98', 'HTTPStatusCode': 200, 'HTTPHeaders': {'content-type': 'application/x-amz-json-1.1', 'date': 'Mon, 06 Aug 2018 03:16:35 GMT', 'content-length': '442', 'connection': 'keep-alive', 'x-amzn-requestid': '2067fc92-9927-11e8-87b2-9d4d8033cd98'}, 'RetryAttempts': 0}, 'Labels': [{'Name': 'Brochure', 'Confidence': 88.77820587158203}, {'Name': 'Flyer', 'Confidence': 88.77820587158203}, {'Name': 'Paper', 'Confidence': 88.77820587158203}, {'Name': 'Poster', 'Confidence': 88.77820587158203}, {'Name': 'Collage', 'Confidence': 56.89072036743164}, {'Name': 'Logo', 'Confidence': 54.578433990478516}, {'Name': 'Trademark', 'Confidence': 54.578433990478516}, {'Name': 'Text', 'Confidence': 53.021060943603516}], 'OrientationCorrection': 'ROTATE_0'}",1,Brochure,88.77820587158203,ROTATE_0
ex_3.jpg,"{'ResponseMetadata': {'RequestId': '2067fc92-9927-11e8-87b2-9d4d8033cd98', 'HTTPStatusCode': 200, 'HTTPHeaders': {'content-type': 'application/x-amz-json-1.1', 'date': 'Mon, 06 Aug 2018 03:16:35 GMT', 'content-length': '442', 'connection': 'keep-alive', 'x-amzn-requestid': '2067fc92-9927-11e8-87b2-9d4d8033cd98'}, 'RetryAttempts': 0}, 'Labels': [{'Name': 'Brochure', 'Confidence': 88.77820587158203}, {'Name': 'Flyer', 'Confidence': 88.77820587158203}, {'Name': 'Paper', 'Confidence': 88.77820587158203}, {'Name': 'Poster', 'Confidence': 88.77820587158203}, {'Name': 'Collage', 'Confidence': 56.89072036743164}, {'Name': 'Logo', 'Confidence': 54.578433990478516}, {'Name': 'Trademark', 'Confidence': 54.578433990478516}, {'Name': 'Text', 'Confidence': 53.021060943603516}], 'OrientationCorrection': 'ROTATE_0'}",2,Flyer,88.77820587158203,ROTATE_0
ex_3.jpg,"{'ResponseMetadata': {'RequestId': '2067fc92-9927-11e8-87b2-9d4d8033cd98', 'HTTPStatusCode': 200, 'HTTPHeaders': {'content-type': 'application/x-amz-json-1.1', 'date': 'Mon, 06 Aug 2018 03:16:35 GMT', 'content-length': '442', 'connection': 'keep-alive', 'x-amzn-requestid': '2067fc92-9927-11e8-87b2-9d4d8033cd98'}, 'RetryAttempts': 0}, 'Labels': [{'Name': 'Brochure', 'Confidence': 88.77820587158203}, {'Name': 'Flyer', 'Confidence': 88.77820587158203}, {'Name': 'Paper', 'Confidence': 88.77820587158203}, {'Name': 'Poster', 'Confidence': 88.77820587158203}, {'Name': 'Collage', 'Confidence': 56.89072036743164}, {'Name': 'Logo', 'Confidence': 54.578433990478516}, {'Name': 'Trademark', 'Confidence': 54.578433990478516}, {'Name': 'Text', 'Confidence': 53.021060943603516}], 'OrientationCorrection': 'ROTATE_0'}",3,Paper,88.77820587158203,ROTATE_0
ex_3.jpg,"{'ResponseMetadata': {'RequestId': '2067fc92-9927-11e8-87b2-9d4d8033cd98', 'HTTPStatusCode': 200, 'HTTPHeaders': {'content-type': 'application/x-amz-json-1.1', 'date': 'Mon, 06 Aug 2018 03:16:35 GMT', 'content-length': '442', 'connection': 'keep-alive', 'x-amzn-requestid': '2067fc92-9927-11e8-87b2-9d4d8033cd98'}, 'RetryAttempts': 0}, 'Labels': [{'Name': 'Brochure', 'Confidence': 88.77820587158203}, {'Name': 'Flyer', 'Confidence': 88.77820587158203}, {'Name': 'Paper', 'Confidence': 88.77820587158203}, {'Name': 'Poster', 'Confidence': 88.77820587158203}, {'Name': 'Collage', 'Confidence': 56.89072036743164}, {'Name': 'Logo', 'Confidence': 54.578433990478516}, {'Name': 'Trademark', 'Confidence': 54.578433990478516}, {'Name': 'Text', 'Confidence': 53.021060943603516}], 'OrientationCorrection': 'ROTATE_0'}",4,Poster,88.77820587158203,ROTATE_0
ex_3.jpg,"{'ResponseMetadata': {'RequestId': '2067fc92-9927-11e8-87b2-9d4d8033cd98', 'HTTPStatusCode': 200, 'HTTPHeaders': {'content-type': 'application/x-amz-json-1.1', 'date': 'Mon, 06 Aug 2018 03:16:35 GMT', 'content-length': '442', 'connection': 'keep-alive', 'x-amzn-requestid': '2067fc92-9927-11e8-87b2-9d4d8033cd98'}, 'RetryAttempts': 0}, 'Labels': [{'Name': 'Brochure', 'Confidence': 88.77820587158203}, {'Name': 'Flyer', 'Confidence': 88.77820587158203}, {'Name': 'Paper', 'Confidence': 88.77820587158203}, {'Name': 'Poster', 'Confidence': 88.77820587158203}, {'Name': 'Collage', 'Confidence': 56.89072036743164}, {'Name': 'Logo', 'Confidence': 54.578433990478516}, {'Name': 'Trademark', 'Confidence': 54.578433990478516}, {'Name': 'Text', 'Confidence': 53.021060943603516}], 'OrientationCorrection': 'ROTATE_0'}",5,Collage,56.89072036743164,ROTATE_0
ex_3.jpg,"{'ResponseMetadata': {'RequestId': '2067fc92-9927-11e8-87b2-9d4d8033cd98', 'HTTPStatusCode': 200, 'HTTPHeaders': {'content-type': 'application/x-amz-json-1.1', 'date': 'Mon, 06 Aug 2018 03:16:35 GMT', 'content-length': '442', 'connection': 'keep-alive', 'x-amzn-requestid': '2067fc92-9927-11e8-87b2-9d4d8033cd98'}, 'RetryAttempts': 0}, 'Labels': [{'Name': 'Brochure', 'Confidence': 88.77820587158203}, {'Name': 'Flyer', 'Confidence': 88.77820587158203}, {'Name': 'Paper', 'Confidence': 88.77820587158203}, {'Name': 'Poster', 'Confidence': 88.77820587158203}, {'Name': 'Collage', 'Confidence': 56.89072036743164}, {'Name': 'Logo', 'Confidence': 54.578433990478516}, {'Name': 'Trademark', 'Confidence': 54.578433990478516}, {'Name': 'Text', 'Confidence': 53.021060943603516}], 'OrientationCorrection': 'ROTATE_0'}",6,Logo,54.578433990478516,ROTATE_0
ex_3.jpg,"{'ResponseMetadata': {'RequestId': '2067fc92-9927-11e8-87b2-9d4d8033cd98', 'HTTPStatusCode': 200, 'HTTPHeaders': {'content-type': 'application/x-amz-json-1.1', 'date': 'Mon, 06 Aug 2018 03:16:35 GMT', 'content-length': '442', 'connection': 'keep-alive', 'x-amzn-requestid': '2067fc92-9927-11e8-87b2-9d4d8033cd98'}, 'RetryAttempts': 0}, 'Labels': [{'Name': 'Brochure', 'Confidence': 88.77820587158203}, {'Name': 'Flyer', 'Confidence': 88.77820587158203}, {'Name': 'Paper', 'Confidence': 88.77820587158203}, {'Name': 'Poster', 'Confidence': 88.77820587158203}, {'Name': 'Collage', 'Confidence': 56.89072036743164}, {'Name': 'Logo', 'Confidence': 54.578433990478516}, {'Name': 'Trademark', 'Confidence': 54.578433990478516}, {'Name': 'Text', 'Confidence': 53.021060943603516}], 'OrientationCorrection': 'ROTATE_0'}",7,Trademark,54.578433990478516,ROTATE_0
ex_3.jpg,"{'ResponseMetadata': {'RequestId': '2067fc92-9927-11e8-87b2-9d4d8033cd98', 'HTTPStatusCode': 200, 'HTTPHeaders': {'content-type': 'application/x-amz-json-1.1', 'date': 'Mon, 06 Aug 2018 03:16:35 GMT', 'content-length': '442', 'connection': 'keep-alive', 'x-amzn-requestid': '2067fc92-9927-11e8-87b2-9d4d8033cd98'}, 'RetryAttempts': 0}, 'Labels': [{'Name': 'Brochure', 'Confidence': 88.77820587158203}, {'Name': 'Flyer', 'Confidence': 88.77820587158203}, {'Name': 'Paper', 'Confidence': 88.77820587158203}, {'Name': 'Poster', 'Confidence': 88.77820587158203}, {'Name': 'Collage', 'Confidence': 56.89072036743164}, {'Name': 'Logo', 'Confidence': 54.578433990478516}, {'Name': 'Trademark', 'Confidence': 54.578433990478516}, {'Name': 'Text', 'Confidence': 53.021060943603516}], 'OrientationCorrection': 'ROTATE_0'}",8,Text,53.021060943603516,ROTATE_0
ex_4.jpg,"{'ResponseMetadata': {'RequestId': '20d25722-9927-11e8-b1e4-3da87ddb08b7', 'HTTPStatusCode': 200, 'HTTPHeaders': {'content-type': 'application/x-amz-json-1.1', 'date': 'Mon, 06 Aug 2018 03:16:36 GMT', 'content-length': '341', 'connection': 'keep-alive', 'x-amzn-requestid': '20d25722-9927-11e8-b1e4-3da87ddb08b7'}, 'RetryAttempts': 0}, 'Labels': [{'Name': 'Human', 'Confidence': 99.23222351074219}, {'Name': 'People', 'Confidence': 99.23222351074219}, {'Name': 'Person', 'Confidence': 99.23222351074219}, {'Name': 'Audience', 'Confidence': 99.06788635253906}, {'Name': 'Crowd', 'Confidence': 99.06788635253906}, {'Name': 'Speech', 'Confidence': 99.06788635253906}], 'OrientationCorrection': 'ROTATE_0'}",1,Human,99.23222351074219,ROTATE_0
ex_4.jpg,"{'ResponseMetadata': {'RequestId': '20d25722-9927-11e8-b1e4-3da87ddb08b7', 'HTTPStatusCode': 200, 'HTTPHeaders': {'content-type': 'application/x-amz-json-1.1', 'date': 'Mon, 06 Aug 2018 03:16:36 GMT', 'content-length': '341', 'connection': 'keep-alive', 'x-amzn-requestid': '20d25722-9927-11e8-b1e4-3da87ddb08b7'}, 'RetryAttempts': 0}, 'Labels': [{'Name': 'Human', 'Confidence': 99.23222351074219}, {'Name': 'People', 'Confidence': 99.23222351074219}, {'Name': 'Person', 'Confidence': 99.23222351074219}, {'Name': 'Audience', 'Confidence': 99.06788635253906}, {'Name': 'Crowd', 'Confidence': 99.06788635253906}, {'Name': 'Speech', 'Confidence': 99.06788635253906}], 'OrientationCorrection': 'ROTATE_0'}",2,People,99.23222351074219,ROTATE_0
ex_4.jpg,"{'ResponseMetadata': {'RequestId': '20d25722-9927-11e8-b1e4-3da87ddb08b7', 'HTTPStatusCode': 200, 'HTTPHeaders': {'content-type': 'application/x-amz-json-1.1', 'date': 'Mon, 06 Aug 2018 03:16:36 GMT', 'content-length': '341', 'connection': 'keep-alive', 'x-amzn-requestid': '20d25722-9927-11e8-b1e4-3da87ddb08b7'}, 'RetryAttempts': 0}, 'Labels': [{'Name': 'Human', 'Confidence': 99.23222351074219}, {'Name': 'People', 'Confidence': 99.23222351074219}, {'Name': 'Person', 'Confidence': 99.23222351074219}, {'Name': 'Audience', 'Confidence': 99.06788635253906}, {'Name': 'Crowd', 'Confidence': 99.06788635253906}, {'Name': 'Speech', 'Confidence': 99.06788635253906}], 'OrientationCorrection': 'ROTATE_0'}",3,Person,99.23222351074219,ROTATE_0
ex_4.jpg,"{'ResponseMetadata': {'RequestId': '20d25722-9927-11e8-b1e4-3da87ddb08b7', 'HTTPStatusCode': 200, 'HTTPHeaders': {'content-type': 'application/x-amz-json-1.1', 'date': 'Mon, 06 Aug 2018 03:16:36 GMT', 'content-length': '341', 'connection': 'keep-alive', 'x-amzn-requestid': '20d25722-9927-11e8-b1e4-3da87ddb08b7'}, 'RetryAttempts': 0}, 'Labels': [{'Name': 'Human', 'Confidence': 99.23222351074219}, {'Name': 'People', 'Confidence': 99.23222351074219}, {'Name': 'Person', 'Confidence': 99.23222351074219}, {'Name': 'Audience', 'Confidence': 99.06788635253906}, {'Name': 'Crowd', 'Confidence': 99.06788635253906}, {'Name': 'Speech', 'Confidence': 99.06788635253906}], 'OrientationCorrection': 'ROTATE_0'}",4,Audience,99.06788635253906,ROTATE_0
ex_4.jpg,"{'ResponseMetadata': {'RequestId': '20d25722-9927-11e8-b1e4-3da87ddb08b7', 'HTTPStatusCode': 200, 'HTTPHeaders': {'content-type': 'application/x-amz-json-1.1', 'date': 'Mon, 06 Aug 2018 03:16:36 GMT', 'content-length': '341', 'connection': 'keep-alive', 'x-amzn-requestid': '20d25722-9927-11e8-b1e4-3da87ddb08b7'}, 'RetryAttempts': 0}, 'Labels': [{'Name': 'Human', 'Confidence': 99.23222351074219}, {'Name': 'People', 'Confidence': 99.23222351074219}, {'Name': 'Person', 'Confidence': 99.23222351074219}, {'Name': 'Audience', 'Confidence': 99.06788635253906}, {'Name': 'Crowd', 'Confidence': 99.06788635253906}, {'Name': 'Speech', 'Confidence': 99.06788635253906}], 'OrientationCorrection': 'ROTATE_0'}",5,Crowd,99.06788635253906,ROTATE_0
ex_4.jpg,"{'ResponseMetadata': {'RequestId': '20d25722-9927-11e8-b1e4-3da87ddb08b7', 'HTTPStatusCode': 200, 'HTTPHeaders': {'content-type': 'application/x-amz-json-1.1', 'date': 'Mon, 06 Aug 2018 03:16:36 GMT', 'content-length': '341', 'connection': 'keep-alive', 'x-amzn-requestid': '20d25722-9927-11e8-b1e4-3da87ddb08b7'}, 'RetryAttempts': 0}, 'Labels': [{'Name': 'Human', 'Confidence': 99.23222351074219}, {'Name': 'People', 'Confidence': 99.23222351074219}, {'Name': 'Person', 'Confidence': 99.23222351074219}, {'Name': 'Audience', 'Confidence': 99.06788635253906}, {'Name': 'Crowd', 'Confidence': 99.06788635253906}, {'Name': 'Speech', 'Confidence': 99.06788635253906}], 'OrientationCorrection': 'ROTATE_0'}",6,Speech,99.06788635253906,ROTATE_0
ex_5.jpg,"{'ResponseMetadata': {'RequestId': '2133feec-9927-11e8-ba1c-5d41e01b8742', 'HTTPStatusCode': 200, 'HTTPHeaders': {'content-type': 'application/x-amz-json-1.1', 'date': 'Mon, 06 Aug 2018 03:16:37 GMT', 'content-length': '694', 'connection': 'keep-alive', 'x-amzn-requestid': '2133feec-9927-11e8-ba1c-5d41e01b8742'}, 'RetryAttempts': 0}, 'Labels': [{'Name': 'Human', 'Confidence': 99.21126556396484}, {'Name': 'People', 'Confidence': 99.21126556396484}, {'Name': 'Person', 'Confidence': 99.21126556396484}, {'Name': 'Party', 'Confidence': 78.3561782836914}, {'Name': 'Female', 'Confidence': 63.80534362792969}, {'Name': 'Face', 'Confidence': 60.41244125366211}, {'Name': 'Portrait', 'Confidence': 60.41244125366211}, {'Name': 'Smile', 'Confidence': 60.41244125366211}, {'Name': 'Laughing', 'Confidence': 57.36384582519531}, {'Name': 'Woman', 'Confidence': 50.885009765625}, {'Name': 'Crowd', 'Confidence': 50.650699615478516}, {'Name': 'Leisure Activities', 'Confidence': 50.620906829833984}, {'Name': 'Outdoors', 'Confidence': 50.51934051513672}], 'OrientationCorrection': 'ROTATE_0'}",1,Human,99.21126556396484,ROTATE_0
ex_5.jpg,"{'ResponseMetadata': {'RequestId': '2133feec-9927-11e8-ba1c-5d41e01b8742', 'HTTPStatusCode': 200, 'HTTPHeaders': {'content-type': 'application/x-amz-json-1.1', 'date': 'Mon, 06 Aug 2018 03:16:37 GMT', 'content-length': '694', 'connection': 'keep-alive', 'x-amzn-requestid': '2133feec-9927-11e8-ba1c-5d41e01b8742'}, 'RetryAttempts': 0}, 'Labels': [{'Name': 'Human', 'Confidence': 99.21126556396484}, {'Name': 'People', 'Confidence': 99.21126556396484}, {'Name': 'Person', 'Confidence': 99.21126556396484}, {'Name': 'Party', 'Confidence': 78.3561782836914}, {'Name': 'Female', 'Confidence': 63.80534362792969}, {'Name': 'Face', 'Confidence': 60.41244125366211}, {'Name': 'Portrait', 'Confidence': 60.41244125366211}, {'Name': 'Smile', 'Confidence': 60.41244125366211}, {'Name': 'Laughing', 'Confidence': 57.36384582519531}, {'Name': 'Woman', 'Confidence': 50.885009765625}, {'Name': 'Crowd', 'Confidence': 50.650699615478516}, {'Name': 'Leisure Activities', 'Confidence': 50.620906829833984}, {'Name': 'Outdoors', 'Confidence': 50.51934051513672}], 'OrientationCorrection': 'ROTATE_0'}",2,People,99.21126556396484,ROTATE_0
ex_5.jpg,"{'ResponseMetadata': {'RequestId': '2133feec-9927-11e8-ba1c-5d41e01b8742', 'HTTPStatusCode': 200, 'HTTPHeaders': {'content-type': 'application/x-amz-json-1.1', 'date': 'Mon, 06 Aug 2018 03:16:37 GMT', 'content-length': '694', 'connection': 'keep-alive', 'x-amzn-requestid': '2133feec-9927-11e8-ba1c-5d41e01b8742'}, 'RetryAttempts': 0}, 'Labels': [{'Name': 'Human', 'Confidence': 99.21126556396484}, {'Name': 'People', 'Confidence': 99.21126556396484}, {'Name': 'Person', 'Confidence': 99.21126556396484}, {'Name': 'Party', 'Confidence': 78.3561782836914}, {'Name': 'Female', 'Confidence': 63.80534362792969}, {'Name': 'Face', 'Confidence': 60.41244125366211}, {'Name': 'Portrait', 'Confidence': 60.41244125366211}, {'Name': 'Smile', 'Confidence': 60.41244125366211}, {'Name': 'Laughing', 'Confidence': 57.36384582519531}, {'Name': 'Woman', 'Confidence': 50.885009765625}, {'Name': 'Crowd', 'Confidence': 50.650699615478516}, {'Name': 'Leisure Activities', 'Confidence': 50.620906829833984}, {'Name': 'Outdoors', 'Confidence': 50.51934051513672}], 'OrientationCorrection': 'ROTATE_0'}",3,Person,99.21126556396484,ROTATE_0
ex_5.jpg,"{'ResponseMetadata': {'RequestId': '2133feec-9927-11e8-ba1c-5d41e01b8742', 'HTTPStatusCode': 200, 'HTTPHeaders': {'content-type': 'application/x-amz-json-1.1', 'date': 'Mon, 06 Aug 2018 03:16:37 GMT', 'content-length': '694', 'connection': 'keep-alive', 'x-amzn-requestid': '2133feec-9927-11e8-ba1c-5d41e01b8742'}, 'RetryAttempts': 0}, 'Labels': [{'Name': 'Human', 'Confidence': 99.21126556396484}, {'Name': 'People', 'Confidence': 99.21126556396484}, {'Name': 'Person', 'Confidence': 99.21126556396484}, {'Name': 'Party', 'Confidence': 78.3561782836914}, {'Name': 'Female', 'Confidence': 63.80534362792969}, {'Name': 'Face', 'Confidence': 60.41244125366211}, {'Name': 'Portrait', 'Confidence': 60.41244125366211}, {'Name': 'Smile', 'Confidence': 60.41244125366211}, {'Name': 'Laughing', 'Confidence': 57.36384582519531}, {'Name': 'Woman', 'Confidence': 50.885009765625}, {'Name': 'Crowd', 'Confidence': 50.650699615478516}, {'Name': 'Leisure Activities', 'Confidence': 50.620906829833984}, {'Name': 'Outdoors', 'Confidence': 50.51934051513672}], 'OrientationCorrection': 'ROTATE_0'}",4,Party,78.3561782836914,ROTATE_0
ex_5.jpg,"{'ResponseMetadata': {'RequestId': '2133feec-9927-11e8-ba1c-5d41e01b8742', 'HTTPStatusCode': 200, 'HTTPHeaders': {'content-type': 'application/x-amz-json-1.1', 'date': 'Mon, 06 Aug 2018 03:16:37 GMT', 'content-length': '694', 'connection': 'keep-alive', 'x-amzn-requestid': '2133feec-9927-11e8-ba1c-5d41e01b8742'}, 'RetryAttempts': 0}, 'Labels': [{'Name': 'Human', 'Confidence': 99.21126556396484}, {'Name': 'People', 'Confidence': 99.21126556396484}, {'Name': 'Person', 'Confidence': 99.21126556396484}, {'Name': 'Party', 'Confidence': 78.3561782836914}, {'Name': 'Female', 'Confidence': 63.80534362792969}, {'Name': 'Face', 'Confidence': 60.41244125366211}, {'Name': 'Portrait', 'Confidence': 60.41244125366211}, {'Name': 'Smile', 'Confidence': 60.41244125366211}, {'Name': 'Laughing', 'Confidence': 57.36384582519531}, {'Name': 'Woman', 'Confidence': 50.885009765625}, {'Name': 'Crowd', 'Confidence': 50.650699615478516}, {'Name': 'Leisure Activities', 'Confidence': 50.620906829833984}, {'Name': 'Outdoors', 'Confidence': 50.51934051513672}], 'OrientationCorrection': 'ROTATE_0'}",5,Female,63.80534362792969,ROTATE_0
ex_5.jpg,"{'ResponseMetadata': {'RequestId': '2133feec-9927-11e8-ba1c-5d41e01b8742', 'HTTPStatusCode': 200, 'HTTPHeaders': {'content-type': 'application/x-amz-json-1.1', 'date': 'Mon, 06 Aug 2018 03:16:37 GMT', 'content-length': '694', 'connection': 'keep-alive', 'x-amzn-requestid': '2133feec-9927-11e8-ba1c-5d41e01b8742'}, 'RetryAttempts': 0}, 'Labels': [{'Name': 'Human', 'Confidence': 99.21126556396484}, {'Name': 'People', 'Confidence': 99.21126556396484}, {'Name': 'Person', 'Confidence': 99.21126556396484}, {'Name': 'Party', 'Confidence': 78.3561782836914}, {'Name': 'Female', 'Confidence': 63.80534362792969}, {'Name': 'Face', 'Confidence': 60.41244125366211}, {'Name': 'Portrait', 'Confidence': 60.41244125366211}, {'Name': 'Smile', 'Confidence': 60.41244125366211}, {'Name': 'Laughing', 'Confidence': 57.36384582519531}, {'Name': 'Woman', 'Confidence': 50.885009765625}, {'Name': 'Crowd', 'Confidence': 50.650699615478516}, {'Name': 'Leisure Activities', 'Confidence': 50.620906829833984}, {'Name': 'Outdoors', 'Confidence': 50.51934051513672}], 'OrientationCorrection': 'ROTATE_0'}",6,Face,60.41244125366211,ROTATE_0
ex_5.jpg,"{'ResponseMetadata': {'RequestId': '2133feec-9927-11e8-ba1c-5d41e01b8742', 'HTTPStatusCode': 200, 'HTTPHeaders': {'content-type': 'application/x-amz-json-1.1', 'date': 'Mon, 06 Aug 2018 03:16:37 GMT', 'content-length': '694', 'connection': 'keep-alive', 'x-amzn-requestid': '2133feec-9927-11e8-ba1c-5d41e01b8742'}, 'RetryAttempts': 0}, 'Labels': [{'Name': 'Human', 'Confidence': 99.21126556396484}, {'Name': 'People', 'Confidence': 99.21126556396484}, {'Name': 'Person', 'Confidence': 99.21126556396484}, {'Name': 'Party', 'Confidence': 78.3561782836914}, {'Name': 'Female', 'Confidence': 63.80534362792969}, {'Name': 'Face', 'Confidence': 60.41244125366211}, {'Name': 'Portrait', 'Confidence': 60.41244125366211}, {'Name': 'Smile', 'Confidence': 60.41244125366211}, {'Name': 'Laughing', 'Confidence': 57.36384582519531}, {'Name': 'Woman', 'Confidence': 50.885009765625}, {'Name': 'Crowd', 'Confidence': 50.650699615478516}, {'Name': 'Leisure Activities', 'Confidence': 50.620906829833984}, {'Name': 'Outdoors', 'Confidence': 50.51934051513672}], 'OrientationCorrection': 'ROTATE_0'}",7,Portrait,60.41244125366211,ROTATE_0
ex_5.jpg,"{'ResponseMetadata': {'RequestId': '2133feec-9927-11e8-ba1c-5d41e01b8742', 'HTTPStatusCode': 200, 'HTTPHeaders': {'content-type': 'application/x-amz-json-1.1', 'date': 'Mon, 06 Aug 2018 03:16:37 GMT', 'content-length': '694', 'connection': 'keep-alive', 'x-amzn-requestid': '2133feec-9927-11e8-ba1c-5d41e01b8742'}, 'RetryAttempts': 0}, 'Labels': [{'Name': 'Human', 'Confidence': 99.21126556396484}, {'Name': 'People', 'Confidence': 99.21126556396484}, {'Name': 'Person', 'Confidence': 99.21126556396484}, {'Name': 'Party', 'Confidence': 78.3561782836914}, {'Name': 'Female', 'Confidence': 63.80534362792969}, {'Name': 'Face', 'Confidence': 60.41244125366211}, {'Name': 'Portrait', 'Confidence': 60.41244125366211}, {'Name': 'Smile', 'Confidence': 60.41244125366211}, {'Name': 'Laughing', 'Confidence': 57.36384582519531}, {'Name': 'Woman', 'Confidence': 50.885009765625}, {'Name': 'Crowd', 'Confidence': 50.650699615478516}, {'Name': 'Leisure Activities', 'Confidence': 50.620906829833984}, {'Name': 'Outdoors', 'Confidence': 50.51934051513672}], 'OrientationCorrection': 'ROTATE_0'}",8,Smile,60.41244125366211,ROTATE_0
ex_5.jpg,"{'ResponseMetadata': {'RequestId': '2133feec-9927-11e8-ba1c-5d41e01b8742', 'HTTPStatusCode': 200, 'HTTPHeaders': {'content-type': 'application/x-amz-json-1.1', 'date': 'Mon, 06 Aug 2018 03:16:37 GMT', 'content-length': '694', 'connection': 'keep-alive', 'x-amzn-requestid': '2133feec-9927-11e8-ba1c-5d41e01b8742'}, 'RetryAttempts': 0}, 'Labels': [{'Name': 'Human', 'Confidence': 99.21126556396484}, {'Name': 'People', 'Confidence': 99.21126556396484}, {'Name': 'Person', 'Confidence': 99.21126556396484}, {'Name': 'Party', 'Confidence': 78.3561782836914}, {'Name': 'Female', 'Confidence': 63.80534362792969}, {'Name': 'Face', 'Confidence': 60.41244125366211}, {'Name': 'Portrait', 'Confidence': 60.41244125366211}, {'Name': 'Smile', 'Confidence': 60.41244125366211}, {'Name': 'Laughing', 'Confidence': 57.36384582519531}, {'Name': 'Woman', 'Confidence': 50.885009765625}, {'Name': 'Crowd', 'Confidence': 50.650699615478516}, {'Name': 'Leisure Activities', 'Confidence': 50.620906829833984}, {'Name': 'Outdoors', 'Confidence': 50.51934051513672}], 'OrientationCorrection': 'ROTATE_0'}",9,Laughing,57.36384582519531,ROTATE_0
ex_5.jpg,"{'ResponseMetadata': {'RequestId': '2133feec-9927-11e8-ba1c-5d41e01b8742', 'HTTPStatusCode': 200, 'HTTPHeaders': {'content-type': 'application/x-amz-json-1.1', 'date': 'Mon, 06 Aug 2018 03:16:37 GMT', 'content-length': '694', 'connection': 'keep-alive', 'x-amzn-requestid': '2133feec-9927-11e8-ba1c-5d41e01b8742'}, 'RetryAttempts': 0}, 'Labels': [{'Name': 'Human', 'Confidence': 99.21126556396484}, {'Name': 'People', 'Confidence': 99.21126556396484}, {'Name': 'Person', 'Confidence': 99.21126556396484}, {'Name': 'Party', 'Confidence': 78.3561782836914}, {'Name': 'Female', 'Confidence': 63.80534362792969}, {'Name': 'Face', 'Confidence': 60.41244125366211}, {'Name': 'Portrait', 'Confidence': 60.41244125366211}, {'Name': 'Smile', 'Confidence': 60.41244125366211}, {'Name': 'Laughing', 'Confidence': 57.36384582519531}, {'Name': 'Woman', 'Confidence': 50.885009765625}, {'Name': 'Crowd', 'Confidence': 50.650699615478516}, {'Name': 'Leisure Activities', 'Confidence': 50.620906829833984}, {'Name': 'Outdoors', 'Confidence': 50.51934051513672}], 'OrientationCorrection': 'ROTATE_0'}",10,Woman,50.885009765625,ROTATE_0
ex_5.jpg,"{'ResponseMetadata': {'RequestId': '2133feec-9927-11e8-ba1c-5d41e01b8742', 'HTTPStatusCode': 200, 'HTTPHeaders': {'content-type': 'application/x-amz-json-1.1', 'date': 'Mon, 06 Aug 2018 03:16:37 GMT', 'content-length': '694', 'connection': 'keep-alive', 'x-amzn-requestid': '2133feec-9927-11e8-ba1c-5d41e01b8742'}, 'RetryAttempts': 0}, 'Labels': [{'Name': 'Human', 'Confidence': 99.21126556396484}, {'Name': 'People', 'Confidence': 99.21126556396484}, {'Name': 'Person', 'Confidence': 99.21126556396484}, {'Name': 'Party', 'Confidence': 78.3561782836914}, {'Name': 'Female', 'Confidence': 63.80534362792969}, {'Name': 'Face', 'Confidence': 60.41244125366211}, {'Name': 'Portrait', 'Confidence': 60.41244125366211}, {'Name': 'Smile', 'Confidence': 60.41244125366211}, {'Name': 'Laughing', 'Confidence': 57.36384582519531}, {'Name': 'Woman', 'Confidence': 50.885009765625}, {'Name': 'Crowd', 'Confidence': 50.650699615478516}, {'Name': 'Leisure Activities', 'Confidence': 50.620906829833984}, {'Name': 'Outdoors', 'Confidence': 50.51934051513672}], 'OrientationCorrection': 'ROTATE_0'}",11,Crowd,50.650699615478516,ROTATE_0
ex_5.jpg,"{'ResponseMetadata': {'RequestId': '2133feec-9927-11e8-ba1c-5d41e01b8742', 'HTTPStatusCode': 200, 'HTTPHeaders': {'content-type': 'application/x-amz-json-1.1', 'date': 'Mon, 06 Aug 2018 03:16:37 GMT', 'content-length': '694', 'connection': 'keep-alive', 'x-amzn-requestid': '2133feec-9927-11e8-ba1c-5d41e01b8742'}, 'RetryAttempts': 0}, 'Labels': [{'Name': 'Human', 'Confidence': 99.21126556396484}, {'Name': 'People', 'Confidence': 99.21126556396484}, {'Name': 'Person', 'Confidence': 99.21126556396484}, {'Name': 'Party', 'Confidence': 78.3561782836914}, {'Name': 'Female', 'Confidence': 63.80534362792969}, {'Name': 'Face', 'Confidence': 60.41244125366211}, {'Name': 'Portrait', 'Confidence': 60.41244125366211}, {'Name': 'Smile', 'Confidence': 60.41244125366211}, {'Name': 'Laughing', 'Confidence': 57.36384582519531}, {'Name': 'Woman', 'Confidence': 50.885009765625}, {'Name': 'Crowd', 'Confidence': 50.650699615478516}, {'Name': 'Leisure Activities', 'Confidence': 50.620906829833984}, {'Name': 'Outdoors', 'Confidence': 50.51934051513672}], 'OrientationCorrection': 'ROTATE_0'}",12,Leisure Activities,50.620906829833984,ROTATE_0
ex_5.jpg,"{'ResponseMetadata': {'RequestId': '2133feec-9927-11e8-ba1c-5d41e01b8742', 'HTTPStatusCode': 200, 'HTTPHeaders': {'content-type': 'application/x-amz-json-1.1', 'date': 'Mon, 06 Aug 2018 03:16:37 GMT', 'content-length': '694', 'connection': 'keep-alive', 'x-amzn-requestid': '2133feec-9927-11e8-ba1c-5d41e01b8742'}, 'RetryAttempts': 0}, 'Labels': [{'Name': 'Human', 'Confidence': 99.21126556396484}, {'Name': 'People', 'Confidence': 99.21126556396484}, {'Name': 'Person', 'Confidence': 99.21126556396484}, {'Name': 'Party', 'Confidence': 78.3561782836914}, {'Name': 'Female', 'Confidence': 63.80534362792969}, {'Name': 'Face', 'Confidence': 60.41244125366211}, {'Name': 'Portrait', 'Confidence': 60.41244125366211}, {'Name': 'Smile', 'Confidence': 60.41244125366211}, {'Name': 'Laughing', 'Confidence': 57.36384582519531}, {'Name': 'Woman', 'Confidence': 50.885009765625}, {'Name': 'Crowd', 'Confidence': 50.650699615478516}, {'Name': 'Leisure Activities', 'Confidence': 50.620906829833984}, {'Name': 'Outdoors', 'Confidence': 50.51934051513672}], 'OrientationCorrection': 'ROTATE_0'}",13,Outdoors,50.51934051513672,ROTATE_0
